
INSERT INTO cargo VALUES
('CRG001','Gerente General','Direccion'),
('CRG002','Jefe Agencia','Administra agencia'),
('CRG003','Asesor Comercial','Atencion asociados'),
('CRG004','Analista Credito','Creditos'),
('CRG005','Cajero','Caja'),
('CRG006','Auxiliar','Apoyo'),
('CRG007','Contador','Contabilidad'),
('CRG008','Auditor','Control');

INSERT INTO agencia VALUES
('AGC001','Agencia Central','Calle 1 #1-10','Bugalagrande','3100000001','2010-01-01'),
('AGC002','Agencia Tulua','Calle 2 #2-20','Tulua','3100000002','2012-05-01'),
('AGC003','Agencia Cartago','Calle 3 #3-30','Cartago','3100000003','2014-08-01'),
('AGC004','Agencia Sevilla','Calle 4 #4-40','Sevilla','3100000004','2018-03-01');

INSERT INTO empleado VALUES
('1001','Laura','Ospina','2010-01-01',8000000,'laura@coop.com','ACTIVO','CRG001',NULL,'AGC001'),
('1002','Carlos','Rada','2014-02-01',5500000,'carlos@coop.com','ACTIVO','CRG002','1001','AGC001'),
('1003','Monica','Lopez','2015-03-01',5500000,'monica@coop.com','ACTIVO','CRG002','1001','AGC002'),
('1004','Andres','Perez','2016-04-01',4000000,'andres@coop.com','ACTIVO','CRG003','1002','AGC001'),
('1005','Paula','Gomez','2017-05-01',4000000,'paula@coop.com','ACTIVO','CRG003','1002','AGC001'),
('1006','Jorge','Ruiz','2018-06-01',4200000,'jorge@coop.com','ACTIVO','CRG004','1003','AGC002'),
('1007','Diana','Torres','2019-07-01',3000000,'diana@coop.com','ACTIVO','CRG005','1003','AGC002'),
('1008','Mario','Velez','2020-08-01',3500000,'mario@coop.com','ACTIVO','CRG007','1001','AGC003');

INSERT INTO asociado VALUES
('2001','Ana','Martinez','1980-01-01','Centro','C1','10','Bugalagrande','2015-01-01','ACTIVO',25000),
('2002','Luis','Garcia','1982-02-02','Centro','C2','11','Bugalagrande','2015-01-01','ACTIVO',25000),
('2003','Marta','Diaz','1983-03-03','Centro','C3','12','Tulua','2016-01-01','ACTIVO',25000),
('2004','Pedro','Rios','1984-04-04','Centro','C4','13','Tulua','2016-01-01','ACTIVO',25000),
('2005','Sara','Gil','1985-05-05','Centro','C5','14','Cartago','2017-01-01','ACTIVO',25000),
('2006','Jose','Mora','1986-06-06','Centro','C6','15','Cartago','2017-01-01','ACTIVO',25000),
('2007','Clara','Luna','1987-07-07','Centro','C7','16','Sevilla','2018-01-01','ACTIVO',25000),
('2008','Raul','Suarez','1988-08-08','Centro','C8','17','Sevilla','2018-01-01','ACTIVO',25000),
('2009','Elena','Rojas','1989-09-09','Centro','C9','18','Tulua','2019-01-01','SUSPENDIDO',25000),
('2010','David','Paz','1990-10-10','Centro','C10','19','Bugalagrande','2019-01-01','RETIRADO',25000),
('2011','Nora','Castro','1981-11-11','Centro','C11','20','Tulua','2014-01-01','ACTIVO',30000),
('2012','Fabian','Quintero','1982-12-12','Centro','C12','21','Cartago','2014-01-01','ACTIVO',30000);

INSERT INTO asociado_fundador VALUES
('2001','ACTA001',2010,'Fundador'),
('2002','ACTA002',2010,'Fundador'),
('2003','ACTA003',2010,'Fundador'),
('2004','ACTA004',2010,'Fundador'),
('2011','ACTA005',2010,'Fundador'),
('2012','ACTA006',2010,'Fundador');

INSERT INTO beneficiario VALUES
(1,'2001','B1001','Juan Martinez','HIJO',50,'3001'),
(2,'2001','B1002','Maria Martinez','HIJA',50,'3002'),
(1,'2002','B1003','Laura Garcia','CONYUGE',100,'3003'),
(1,'2003','B1004','Carlos Diaz','HIJO',100,'3004'),
(1,'2004','B1005','Sofia Rios','CONYUGE',100,'3005'),
(1,'2005','B1006','Mateo Gil','HIJO',100,'3006');

INSERT INTO telefono_asociado VALUES
('2001','311000001'),('2001','311000002'),('2002','311000003'),
('2003','311000004'),('2004','311000005'),('2005','311000006'),
('2006','311000007'),('2007','311000008'),('2008','311000009');

INSERT INTO correo_asociado VALUES
('2001','a1@mail.com'),('2002','a2@mail.com'),('2003','a3@mail.com'),
('2004','a4@mail.com'),('2005','a5@mail.com'),('2006','a6@mail.com');

INSERT INTO cuenta_ahorro VALUES
('CTA0000000000000001','2022-01-01','ACTIVA','2001','AGC001','1004'),
('CTA0000000000000002','2022-01-01','ACTIVA','2002','AGC001','1004'),
('CTA0000000000000003','2022-01-01','ACTIVA','2003','AGC002','1006'),
('CTA0000000000000004','2022-01-01','ACTIVA','2004','AGC002','1006'),
('CTA0000000000000005','2022-01-01','ACTIVA','2005','AGC003','1008'),
('CTA0000000000000006','2022-01-01','ACTIVA','2006','AGC003','1008');

INSERT INTO movimiento VALUES
('M001','DEPOSITO',500000,'2025-01-01 08:00','PRESENCIAL',NULL,'CTA0000000000000001'),
('M002','RETIRO',100000,'2025-01-02 08:00','CAJERO_AUTOMATICO',NULL,'CTA0000000000000001'),
('M003','CONSIGNACION',200000,'2025-01-03 08:00','PRESENCIAL',NULL,'CTA0000000000000002'),
('M004','PAGO',150000,'2025-01-04 08:00','APP_MOVIL',NULL,'CTA0000000000000002'),
('M005','TRANSFERENCIA_SALIENTE',50000,'2025-01-05 08:00','APP_MOVIL','CTA0000000000000002','CTA0000000000000001'),
('M006','TRANSFERENCIA_ENTRANTE',50000,'2025-01-05 08:00','APP_MOVIL','CTA0000000000000001','CTA0000000000000002'),
('M007','DEPOSITO',300000,'2025-01-06 08:00','PRESENCIAL',NULL,'CTA0000000000000003'),
('M008','RETIRO',50000,'2025-01-07 08:00','CAJERO_AUTOMATICO',NULL,'CTA0000000000000003'),
('M009','DEPOSITO',400000,'2025-01-08 08:00','PRESENCIAL',NULL,'CTA0000000000000004'),
('M010','DEPOSITO',250000,'2025-01-09 08:00','PRESENCIAL',NULL,'CTA0000000000000005'),
('M011','DEPOSITO',100000,'2025-01-10 08:00','PRESENCIAL',NULL,'CTA0000000000000006'),
('M012','PAGO',50000,'2025-01-11 08:00','APP_MOVIL',NULL,'CTA0000000000000006'),
('M013','CONSIGNACION',120000,'2025-01-12 08:00','PRESENCIAL',NULL,'CTA0000000000000001'),
('M014','RETIRO',30000,'2025-01-13 08:00','CAJERO_AUTOMATICO',NULL,'CTA0000000000000002'),
('M015','DEPOSITO',90000,'2025-01-14 08:00','PRESENCIAL',NULL,'CTA0000000000000003');

INSERT INTO credito VALUES
('RAD0001','2025-01-01',5000000,5000000,0.02,24,'2025-01-05','2025-02-05','AL_DIA','LIBRE INVERSION','2001','2002','2025-01-06','1006','AGC002'),
('RAD0002','2025-02-01',8000000,8000000,0.018,36,'2025-02-05','2025-03-05','EN_MORA','VIVIENDA','2003','2004','2025-02-06','1006','AGC002'),
('RAD0003','2025-03-01',3000000,NULL,0.021,12,NULL,NULL,'EN_ESTUDIO','EDUCACION','2005',NULL,NULL,'1004','AGC001'),
('RAD0004','2024-01-01',4000000,4000000,0.019,18,'2024-01-05','2024-02-05','CANCELADO','MICROCREDITO','2006','2001','2024-01-06','1004','AGC001'),
('RAD0005','2023-01-01',6000000,6000000,0.025,24,'2023-01-05','2023-02-05','CASTIGADO','CONSUMO','2007','2008','2023-01-06','1008','AGC003');

INSERT INTO pago_cuota VALUES
('RAD0001',1,'2025-02-05','2025-02-05',250000,'PAGADA'),
('RAD0001',2,'2025-03-05','2025-03-06',200000,'PARCIAL'),
('RAD0001',3,'2025-04-05',NULL,NULL,'PENDIENTE'),
('RAD0002',1,'2025-03-05',NULL,NULL,'EN_MORA'),
('RAD0004',1,'2024-02-05','2024-02-05',300000,'PAGADA'),
('RAD0004',2,'2024-03-05','2024-03-05',300000,'PAGADA'),
('RAD0005',1,'2023-02-05',NULL,NULL,'EN_MORA');

INSERT INTO atiende VALUES
('1004','2001','2022-01-01'),
('1004','2002','2022-01-01'),
('1004','2005','2022-01-01'),
('1006','2003','2022-01-01'),
('1006','2004','2022-01-01'),
('1008','2006','2022-01-01'),
('1008','2007','2022-01-01');
