
-- CARGO
INSERT INTO CARGO (codigo_cargo, nombre_cargo, descripcion) VALUES
('CAR0000001', 'Gerente General', 'Maximo responsable de la cooperativa'),
('CAR0000002', 'Subgerente de Credito', 'Responsable del area de creditos'),
('CAR0000003', 'Subgerente Administrativo', 'Responsable administrativo y financiero'),
('CAR0000004', 'Director de Agencia', 'Encargado de la operacion de una agencia'),
('CAR0000005', 'Asesor Comercial', 'Atiende y vincula asociados'),
('CAR0000006', 'Analista de Credito', 'Estudia y tramita solicitudes de credito'),
('CAR0000007', 'Cajero', 'Atiende transacciones en ventanilla'),
('CAR0000008', 'Auxiliar Administrativo', 'Apoyo administrativo general'),
('CAR0000009', 'Auxiliar de Servicio al Cliente', 'Atencion y orientacion a asociados');

-- AGENCIA
INSERT INTO AGENCIA (codigo_agencia, nombre_agencia, direccion, municipio, telefono, fecha_apertura) VALUES
('AGE0000001', 'Agencia Principal Tulua', 'Calle 25 # 27-10', 'Tulua', '2-2240010', '2008-03-03'),
('AGE0000002', 'Agencia Bugalagrande Centro', 'Calle 10 # 8-22', 'Bugalagrande', '2-2250022', '2010-07-15'),
('AGE0000003', 'Agencia Buga', 'Carrera 14 # 5-31', 'Buga', '2-2280033', '2012-01-20'),
('AGE0000004', 'Agencia San Pedro', 'Calle 6 # 9-14', 'San Pedro', '2-2290044', '2013-09-10'),
('AGE0000005', 'Agencia Andalucia', 'Carrera 8 # 12-05', 'Andalucia', '2-2300055', '2014-11-05'),
('AGE0000006', 'Agencia Riofrio', 'Calle 3 # 4-18', 'Riofrio', '2-2310066', '2015-04-02'),
('AGE0000007', 'Agencia Tulua Norte', 'Carrera 30 # 40-12', 'Tulua', '2-2320077', '2016-08-18'),
('AGE0000008', 'Agencia Zarzal', 'Calle 11 # 13-27', 'Zarzal', '2-2330088', '2017-02-25'),
('AGE0000009', 'Agencia Bugalagrande Norte', 'Carrera 5 # 2-09', 'Bugalagrande', '2-2340099', '2019-06-30');

-- EMPLEADO 
INSERT INTO EMPLEADO (cedula_empleado, nombres, apellidos, fecha_ingreso, salario_base, correo_corporativo, estado_laboral, contrasena, codigo_cargo, cedula_supervisor, codigo_agencia) VALUES
('100000001', 'Carlos', 'Restrepo Gomez', '2009-02-10', 9500000, 'carlos.restrepo@coopcredito.com.co', 'ACTIVO', 'hash_100000001_x', 'CAR0000001', NULL, 'AGE0000001'),
('100000002', 'Maria', 'Lopez Cardona', '2009-07-07', 6500000, 'maria.lopez@coopcredito.com.co', 'ACTIVO', 'hash_100000002_x', 'CAR0000002', '100000001', 'AGE0000001'),
('100000003', 'Jorge', 'Ospina Valencia', '2009-12-28', 6500000, 'jorge.ospina@coopcredito.com.co', 'ACTIVO', 'hash_100000003_x', 'CAR0000003', '100000001', 'AGE0000001'),
('100000004', 'Diana', 'Marin Torres', '2010-08-11', 4500000, 'diana.marin@coopcredito.com.co', 'ACTIVO', 'hash_100000004_x', 'CAR0000004', '100000002', 'AGE0000001'),
('100000005', 'Andres', 'Bedoya Salazar', '2011-01-08', 4500000, 'andres.bedoya@coopcredito.com.co', 'ACTIVO', 'hash_100000005_x', 'CAR0000004', '100000002', 'AGE0000002'),
('100000006', 'Paula', 'Gutierrez Mejia', '2011-07-05', 4500000, 'paula.gutierrez@coopcredito.com.co', 'ACTIVO', 'hash_100000006_x', 'CAR0000004', '100000003', 'AGE0000003'),
('100000007', 'Felipe', 'Castro Rojas', '2011-12-31', 2600000, 'felipe.castro@coopcredito.com.co', 'ACTIVO', 'hash_100000007_x', 'CAR0000005', '100000004', 'AGE0000001'),
('100000008', 'Laura', 'Henao Zapata', '2012-06-22', 2600000, 'laura.henao@coopcredito.com.co', 'ACTIVO', 'hash_100000008_x', 'CAR0000005', '100000004', 'AGE0000002'),
('100000009', 'Camilo', 'Vargas Pena', '2013-01-27', 2600000, 'camilo.vargas@coopcredito.com.co', 'ACTIVO', 'hash_100000009_x', 'CAR0000005', '100000005', 'AGE0000003'),
('100000010', 'Sandra', 'Quintero Diaz', '2013-06-15', 2600000, 'sandra.quintero@coopcredito.com.co', 'ACTIVO', 'hash_100000010_x', 'CAR0000005', '100000005', 'AGE0000004'),
('100000011', 'Mauricio', 'Florez Ramirez', '2014-01-18', 2600000, 'mauricio.florez@coopcredito.com.co', 'ACTIVO', 'hash_100000011_x', 'CAR0000005', '100000006', 'AGE0000005'),
('100000012', 'Natalia', 'Cifuentes Lara', '2014-07-21', 2600000, 'natalia.cifuentes@coopcredito.com.co', 'ACTIVO', 'hash_100000012_x', 'CAR0000005', '100000006', 'AGE0000006'),
('100000013', 'Esteban', 'Giraldo Mora', '2015-01-27', 3200000, 'esteban.giraldo@coopcredito.com.co', 'ACTIVO', 'hash_100000013_x', 'CAR0000006', '100000002', 'AGE0000001'),
('100000014', 'Viviana', 'Sepulveda Cano', '2015-07-03', 3200000, 'viviana.sepulveda@coopcredito.com.co', 'ACTIVO', 'hash_100000014_x', 'CAR0000006', '100000002', 'AGE0000002'),
('100000015', 'Ricardo', 'Pinzon Acosta', '2015-12-01', 1900000, 'ricardo.pinzon@coopcredito.com.co', 'ACTIVO', 'hash_100000015_x', 'CAR0000007', '100000003', 'AGE0000001'),
('100000016', 'Tatiana', 'Montoya Rios', '2016-06-30', 1900000, 'tatiana.montoya@coopcredito.com.co', 'EN_LICENCIA', 'hash_100000016_x', 'CAR0000007', '100000003', 'AGE0000002'),
('100000017', 'Hernan', 'Salcedo Buitrago', '2016-12-17', 1800000, 'hernan.salcedo@coopcredito.com.co', 'RETIRADO', 'hash_100000017_x', 'CAR0000008', '100000003', 'AGE0000001'),
('100000018', 'Liliana', 'Aguirre Patino', '2017-05-21', 1800000, 'liliana.aguirre@coopcredito.com.co', 'ACTIVO', 'hash_100000018_x', 'CAR0000009', '100000003', 'AGE0000002');




-- ASOCIADO
INSERT INTO ASOCIADO (cedula_asociado, nombres, apellidos, contrasena, fecha_nacimiento, barrio, calle, numero, municipio, fecha_afiliacion, estado, cuota_sostenimiento) VALUES
('200000001', 'Luz', 'Marina Cordoba', 'hash_200000001_x', '1955-01-01', 'Barrio Centro', 'Calle 10', '1-01', 'Tulua', '2008-03-10', 'ACTIVO', 15000),
('200000002', 'Pedro', 'Antonio Salazar', 'hash_200000002_x', '1956-02-02', 'Barrio La Esperanza', 'Calle 11', '2-04', 'Bugalagrande', '2008-03-15', 'ACTIVO', 15000),
('200000003', 'Gloria', 'Ines Patino', 'hash_200000003_x', '1957-03-03', 'Barrio El Carmen', 'Calle 12', '3-07', 'Buga', '2008-03-20', 'ACTIVO', 20000),
('200000004', 'Ramiro', 'de Jesus Holguin', 'hash_200000004_x', '1958-04-04', 'Barrio San Jose', 'Calle 13', '4-10', 'San Pedro', '2008-03-25', 'ACTIVO', 20000),
('200000005', 'Esperanza', 'Vidal Castano', 'hash_200000005_x', '1959-05-05', 'Barrio Las Brisas', 'Calle 14', '5-13', 'Andalucia', '2008-03-30', 'ACTIVO', 35000),
('200000006', 'Octavio', 'Ramirez Bonilla', 'hash_200000006_x', '1960-06-06', 'Barrio El Paraiso', 'Calle 15', '6-16', 'Riofrio', '2008-04-04', 'ACTIVO', 35000),
('200000007', 'Marleny', 'Trujillo Arango', 'hash_200000007_x', '1961-07-07', 'Barrio Centro', 'Calle 16', '7-19', 'Zarzal', '2009-05-24', 'ACTIVO', 15000),
('200000008', 'Ever', 'Dario Cardenas', 'hash_200000008_x', '1962-08-08', 'Barrio La Esperanza', 'Calle 17', '8-22', 'Tulua', '2009-07-03', 'ACTIVO', 35000),
('200000009', 'Yolanda', 'Restrepo Quintero', 'hash_200000009_x', '1963-09-09', 'Barrio El Carmen', 'Calle 18', '9-25', 'Bugalagrande', '2009-08-12', 'ACTIVO', 20000),
('200000010', 'Gildardo', 'Mosquera Leon', 'hash_200000010_x', '1964-10-10', 'Barrio San Jose', 'Calle 19', '10-28', 'Buga', '2009-09-21', 'ACTIVO', 35000),
('200000011', 'Beatriz', 'Elena Soto', 'hash_200000011_x', '1965-11-11', 'Barrio Las Brisas', 'Calle 20', '11-31', 'San Pedro', '2009-10-31', 'ACTIVO', 30000),
('200000012', 'Wilmer', 'Andres Gallego', 'hash_200000012_x', '1966-12-12', 'Barrio El Paraiso', 'Calle 21', '12-34', 'Andalucia', '2009-12-10', 'ACTIVO', 20000),
('200000013', 'Consuelo', 'Penaranda Diaz', 'hash_200000013_x', '1967-01-13', 'Barrio Centro', 'Calle 22', '13-37', 'Riofrio', '2010-01-19', 'ACTIVO', 30000),
('200000014', 'Albeiro', 'Suarez Mejia', 'hash_200000014_x', '1968-02-14', 'Barrio La Esperanza', 'Calle 23', '14-40', 'Zarzal', '2010-02-28', 'ACTIVO', 35000),
('200000015', 'Rocio', 'del Pilar Ortiz', 'hash_200000015_x', '1969-03-15', 'Barrio El Carmen', 'Calle 24', '15-43', 'Tulua', '2010-04-09', 'ACTIVO', 25000),
('200000016', 'Gentil', 'Murillo Vanegas', 'hash_200000016_x', '1970-04-16', 'Barrio San Jose', 'Calle 25', '16-46', 'Bugalagrande', '2010-05-19', 'ACTIVO', 15000),
('200000017', 'Amparo', 'Ceballos Rios', 'hash_200000017_x', '1971-05-17', 'Barrio Las Brisas', 'Calle 26', '17-49', 'Buga', '2010-06-28', 'ACTIVO', 20000),
('200000018', 'Norbey', 'Castano Lopez', 'hash_200000018_x', '1972-06-18', 'Barrio El Paraiso', 'Calle 27', '18-02', 'San Pedro', '2010-08-07', 'ACTIVO', 30000),
('200000019', 'Stella', 'Buitrago Pardo', 'hash_200000019_x', '1973-07-19', 'Barrio Centro', 'Calle 28', '19-05', 'Andalucia', '2010-09-16', 'ACTIVO', 25000),
('200000020', 'Heriberto', 'Lozano Cifuentes', 'hash_200000020_x', '1974-08-20', 'Barrio La Esperanza', 'Calle 29', '20-08', 'Riofrio', '2010-10-26', 'ACTIVO', 25000),
('200000021', 'Doris', 'Yamile Ardila', 'hash_200000021_x', '1975-09-21', 'Barrio El Carmen', 'Calle 10', '21-11', 'Zarzal', '2010-12-05', 'ACTIVO', 20000),
('200000022', 'Jairo', 'Alonso Velez', 'hash_200000022_x', '1976-10-22', 'Barrio San Jose', 'Calle 11', '22-14', 'Tulua', '2011-01-14', 'ACTIVO', 20000),
('200000023', 'Marisol', 'Tobon Garcia', 'hash_200000023_x', '1977-11-23', 'Barrio Las Brisas', 'Calle 12', '23-17', 'Bugalagrande', '2011-02-23', 'ACTIVO', 25000),
('200000024', 'Uriel', 'Antonio Mejia', 'hash_200000024_x', '1978-12-24', 'Barrio El Paraiso', 'Calle 13', '24-20', 'Buga', '2011-04-04', 'ACTIVO', 15000),
('200000025', 'Flor', 'Maria Sanchez', 'hash_200000025_x', '1979-01-25', 'Barrio Centro', 'Calle 14', '25-23', 'San Pedro', '2011-05-14', 'SUSPENDIDO', 15000),
('200000026', 'Jhon', 'Edisson Ramos', 'hash_200000026_x', '1980-02-26', 'Barrio La Esperanza', 'Calle 15', '26-26', 'Andalucia', '2011-06-23', 'SUSPENDIDO', 30000),
('200000027', 'Patricia', 'Elena Galvis', 'hash_200000027_x', '1981-03-27', 'Barrio El Carmen', 'Calle 16', '27-29', 'Riofrio', '2011-08-02', 'SUSPENDIDO', 15000),
('200000028', 'Saul', 'Ignacio Ferreira', 'hash_200000028_x', '1982-04-01', 'Barrio San Jose', 'Calle 17', '28-32', 'Zarzal', '2011-09-11', 'SUSPENDIDO', 25000),
('200000029', 'Carolina', 'Andrea Munoz', 'hash_200000029_x', '1983-05-02', 'Barrio Las Brisas', 'Calle 18', '29-35', 'Tulua', '2011-10-21', 'RETIRADO', 25000),
('200000030', 'Edilberto', 'Vasquez Roa', 'hash_200000030_x', '1984-06-03', 'Barrio El Paraiso', 'Calle 19', '30-38', 'Bugalagrande', '2011-11-30', 'RETIRADO', 35000);




-- ASOCIADO_FUNDADOR 
INSERT INTO ASOCIADO_FUNDADOR (cedula_asociado, numero_acta_fundacional, anio_reconocimiento, descripcion_beneficios) VALUES
('200000001', 'ACTA-FUND-001', 2007, 'Beneficio vitalicio en cuota de sostenimiento reducida y prioridad en linea de credito'),
('200000002', 'ACTA-FUND-002', 2007, 'Beneficio vitalicio en cuota de sostenimiento reducida y prioridad en linea de credito'),
('200000003', 'ACTA-FUND-003', 2007, 'Beneficio vitalicio en cuota de sostenimiento reducida y prioridad en linea de credito'),
('200000004', 'ACTA-FUND-004', 2007, 'Beneficio vitalicio en cuota de sostenimiento reducida y prioridad en linea de credito'),
('200000005', 'ACTA-FUND-005', 2007, 'Beneficio vitalicio en cuota de sostenimiento reducida y prioridad en linea de credito'),
('200000006', 'ACTA-FUND-006', 2007, 'Beneficio vitalicio en cuota de sostenimiento reducida y prioridad en linea de credito');

-- BENEFICIARIO 
INSERT INTO BENEFICIARIO (num_orden, cedula_asociado, numero_documento, nombre_completo, parentesco, porcentaje_participacion, telefono_contacto) VALUES
(1, '200000001', 'B300000000', 'Beneficiario1 Marina', 'CONYUGE', 50, '3001000000'),
(2, '200000001', 'B300000001', 'Beneficiario2 Marina', 'HIJO', 50, '3011000001'),
(1, '200000002', 'B300000002', 'Beneficiario3 Antonio', 'HIJA', 100, '3021000002'),
(1, '200000003', 'B300000003', 'Beneficiario4 Ines', 'MADRE', 100, '3031000003'),
(1, '200000004', 'B300000004', 'Beneficiario5 de', 'PADRE', 50, '3041000004'),
(2, '200000004', 'B300000005', 'Beneficiario6 de', 'HERMANO', 50, '3051000005'),
(1, '200000005', 'B300000006', 'Beneficiario7 Vidal', 'CONYUGE', 100, '3061000006'),
(1, '200000006', 'B300000007', 'Beneficiario8 Ramirez', 'HIJO', 100, '3071000007'),
(1, '200000007', 'B300000008', 'Beneficiario9 Trujillo', 'HIJA', 100, '3081000008'),
(1, '200000008', 'B300000009', 'Beneficiario10 Dario', 'MADRE', 100, '3091000009'),
(1, '200000009', 'B300000010', 'Beneficiario11 Restrepo', 'PADRE', 100, '3001000010'),
(1, '200000010', 'B300000011', 'Beneficiario12 Mosquera', 'HERMANO', 100, '3011000011');



6
-- TELEFONO_ASOCIADO 
INSERT INTO TELEFONO_ASOCIADO (cedula_asociado, telefono_contacto) VALUES
('200000001', '3102000000'),
('200000001', '2-2200000'),
('200000002', '3112000001'),
('200000003', '3122000002'),
('200000003', '2-2200002'),
('200000004', '3132000003'),
('200000005', '3142000004'),
('200000005', '2-2200004'),
('200000006', '3152000005'),
('200000007', '3162000006'),
('200000007', '2-2200006'),
('200000008', '3172000007'),
('200000009', '3182000008'),
('200000009', '2-2200008'),
('200000010', '3102000009'),
('200000011', '3112000010'),
('200000011', '2-2200010'),
('200000012', '3122000011'),
('200000013', '3132000012'),
('200000013', '2-2200012'),
('200000014', '3142000013'),
('200000015', '3152000014'),
('200000015', '2-2200014'),
('200000016', '3162000015'),
('200000017', '3172000016'),
('200000017', '2-2200016'),
('200000018', '3182000017'),
('200000019', '3102000018'),
('200000019', '2-2200018'),
('200000020', '3112000019'),
('200000021', '3122000020'),
('200000021', '2-2200020'),
('200000022', '3132000021'),
('200000023', '3142000022'),
('200000023', '2-2200022'),
('200000024', '3152000023'),
('200000025', '3162000024'),
('200000025', '2-2200024'),
('200000026', '3172000025'),
('200000027', '3182000026'),
('200000027', '2-2200026'),
('200000028', '3102000027'),
('200000029', '3112000028'),
('200000029', '2-2200028'),
('200000030', '3122000029');



-- CORREO_ASOCIADO 
INSERT INTO CORREO_ASOCIADO (cedula_asociado, correo_electronico) VALUES
('200000001', 'luz.marina0@gmail.com'),
('200000001', 'luz.marina0@hotmail.com'),
('200000002', 'pedro.antonio1@gmail.com'),
('200000003', 'gloria.ines2@gmail.com'),
('200000004', 'ramiro.de3@gmail.com'),
('200000004', 'ramiro.de3@hotmail.com'),
('200000005', 'esperanza.vidal4@gmail.com'),
('200000006', 'octavio.ramirez5@gmail.com'),
('200000007', 'marleny.trujillo6@gmail.com'),
('200000007', 'marleny.trujillo6@hotmail.com'),
('200000008', 'ever.dario7@gmail.com'),
('200000009', 'yolanda.restrepo8@gmail.com'),
('200000010', 'gildardo.mosquera9@gmail.com'),
('200000010', 'gildardo.mosquera9@hotmail.com'),
('200000011', 'beatriz.elena10@gmail.com'),
('200000012', 'wilmer.andres11@gmail.com'),
('200000013', 'consuelo.penaranda12@gmail.com'),
('200000013', 'consuelo.penaranda12@hotmail.com'),
('200000014', 'albeiro.suarez13@gmail.com'),
('200000015', 'rocio.del14@gmail.com'),
('200000016', 'gentil.murillo15@gmail.com'),
('200000016', 'gentil.murillo15@hotmail.com'),
('200000017', 'amparo.ceballos16@gmail.com'),
('200000018', 'norbey.castano17@gmail.com'),
('200000019', 'stella.buitrago18@gmail.com'),
('200000019', 'stella.buitrago18@hotmail.com'),
('200000020', 'heriberto.lozano19@gmail.com'),
('200000021', 'doris.yamile20@gmail.com'),
('200000022', 'jairo.alonso21@gmail.com'),
('200000022', 'jairo.alonso21@hotmail.com'),
('200000023', 'marisol.tobon22@gmail.com'),
('200000024', 'uriel.antonio23@gmail.com'),
('200000025', 'flor.maria24@gmail.com'),
('200000025', 'flor.maria24@hotmail.com'),
('200000026', 'jhon.edisson25@gmail.com'),
('200000027', 'patricia.elena26@gmail.com'),
('200000028', 'saul.ignacio27@gmail.com'),
('200000028', 'saul.ignacio27@hotmail.com'),
('200000029', 'carolina.andrea28@gmail.com'),
('200000030', 'edilberto.vasquez29@gmail.com');



-- CUENTA_AHORRO
INSERT INTO CUENTA_AHORRO (numero_cuenta, fecha_apertura, estado, cedula_asociado, codigo_agencia, cedula_empleado) VALUES
('CTA1000000000', '2015-01-17', 'ACTIVA', '200000001', 'AGE0000001', '100000007'),
('CTA1000000001', '2015-03-14', 'ACTIVA', '200000002', 'AGE0000002', '100000008'),
('CTA1000000002', '2015-06-19', 'ACTIVA', '200000003', 'AGE0000003', '100000009'),
('CTA1000000003', '2015-09-02', 'ACTIVA', '200000004', 'AGE0000001', '100000010'),
('CTA1000000004', '2015-10-15', 'INACTIVA', '200000005', 'AGE0000002', '100000011'),
('CTA1000000005', '2016-01-10', 'ACTIVA', '200000006', 'AGE0000003', '100000012'),
('CTA1000000006', '2016-03-01', 'ACTIVA', '200000007', 'AGE0000001', '100000007'),
('CTA1000000007', '2016-06-09', 'ACTIVA', '200000008', 'AGE0000002', '100000008'),
('CTA1000000008', '2016-08-01', 'ACTIVA', '200000009', 'AGE0000003', '100000009'),
('CTA1000000009', '2016-11-01', 'EMBARGADA', '200000010', 'AGE0000001', '100000010'),
('CTA1000000010', '2017-01-09', 'ACTIVA', '200000011', 'AGE0000002', '100000011'),
('CTA1000000011', '2017-03-04', 'ACTIVA', '200000012', 'AGE0000003', '100000012'),
('CTA1000000012', '2017-05-26', 'ACTIVA', '200000013', 'AGE0000001', '100000007'),
('CTA1000000013', '2017-07-11', 'ACTIVA', '200000014', 'AGE0000002', '100000008'),
('CTA1000000014', '2017-09-11', 'INACTIVA', '200000015', 'AGE0000003', '100000009');



-- MOVIMIENTO
INSERT INTO MOVIMIENTO (numero_transaccion, tipo_movimiento, valor_transaccion, fecha_hora, canal, cuenta_contraparte, numero_cuenta) VALUES
('MOV2000000000', 'DEPOSITO', 1568736.58, '2023-01-01 08:00:00', 'PRESENCIAL', NULL, 'CTA1000000000'),
('MOV2000000001', 'DEPOSITO', 1841847.41, '2023-02-02 09:07:00', 'APP_MOVIL', NULL, 'CTA1000000001'),
('MOV2000000002', 'DEPOSITO', 1934081.95, '2023-03-03 10:14:00', 'CAJERO_AUTOMATICO', NULL, 'CTA1000000002'),
('MOV2000000003', 'DEPOSITO', 1619687.97, '2023-04-04 11:21:00', 'PRESENCIAL', NULL, 'CTA1000000003'),
('MOV2000000004', 'DEPOSITO', 1849186.33, '2023-05-05 12:28:00', 'APP_MOVIL', NULL, 'CTA1000000004'),
('MOV2000000005', 'DEPOSITO', 1651502.14, '2023-06-06 13:35:00', 'CAJERO_AUTOMATICO', NULL, 'CTA1000000005'),
('MOV2000000006', 'DEPOSITO', 1916960.4, '2023-07-07 14:42:00', 'PRESENCIAL', NULL, 'CTA1000000006'),
('MOV2000000007', 'DEPOSITO', 2453526.67, '2023-08-08 15:49:00', 'APP_MOVIL', NULL, 'CTA1000000007'),
('MOV2000000008', 'DEPOSITO', 2047248.27, '2023-09-09 16:56:00', 'CAJERO_AUTOMATICO', NULL, 'CTA1000000008'),
('MOV2000000009', 'DEPOSITO', 2055271.45, '2023-10-10 17:03:00', 'PRESENCIAL', NULL, 'CTA1000000009'),
('MOV2000000010', 'DEPOSITO', 1814260.55, '2023-11-11 08:10:00', 'APP_MOVIL', NULL, 'CTA1000000010'),
('MOV2000000011', 'DEPOSITO', 1900466.73, '2023-12-12 09:17:00', 'CAJERO_AUTOMATICO', NULL, 'CTA1000000011'),
('MOV2000000012', 'DEPOSITO', 2904981.88, '2023-01-13 10:24:00', 'PRESENCIAL', NULL, 'CTA1000000012'),
('MOV2000000013', 'DEPOSITO', 2472053.08, '2023-02-14 11:31:00', 'APP_MOVIL', NULL, 'CTA1000000013'),
('MOV2000000014', 'DEPOSITO', 2413696.51, '2023-03-15 12:38:00', 'CAJERO_AUTOMATICO', NULL, 'CTA1000000014'),
('MOV2000000015', 'TRANSFERENCIA_SALIENTE', 109898.53, '2023-01-10 09:10:00', 'PRESENCIAL', 'CTA1000000001', 'CTA1000000000'),
('MOV2000000016', 'TRANSFERENCIA_ENTRANTE', 109898.53, '2023-01-10 09:10:00', 'PRESENCIAL', 'CTA1000000000', 'CTA1000000001'),
('MOV2000000017', 'TRANSFERENCIA_SALIENTE', 305194.38, '2023-02-11 09:11:00', 'APP_MOVIL', 'CTA1000000003', 'CTA1000000002'),
('MOV2000000018', 'TRANSFERENCIA_ENTRANTE', 305194.38, '2023-02-11 09:11:00', 'APP_MOVIL', 'CTA1000000002', 'CTA1000000003'),
('MOV2000000019', 'TRANSFERENCIA_SALIENTE', 107190.87, '2023-03-12 09:12:00', 'CAJERO_AUTOMATICO', 'CTA1000000005', 'CTA1000000004'),
('MOV2000000020', 'TRANSFERENCIA_ENTRANTE', 107190.87, '2023-03-12 09:12:00', 'CAJERO_AUTOMATICO', 'CTA1000000004', 'CTA1000000005'),
('MOV2000000021', 'TRANSFERENCIA_SALIENTE', 182809.4, '2023-04-13 09:13:00', 'PRESENCIAL', 'CTA1000000007', 'CTA1000000006'),
('MOV2000000022', 'TRANSFERENCIA_ENTRANTE', 182809.4, '2023-04-13 09:13:00', 'PRESENCIAL', 'CTA1000000006', 'CTA1000000007'),
('MOV2000000023', 'TRANSFERENCIA_SALIENTE', 396333.17, '2023-05-14 09:14:00', 'APP_MOVIL', 'CTA1000000009', 'CTA1000000008'),
('MOV2000000024', 'TRANSFERENCIA_ENTRANTE', 396333.17, '2023-05-14 09:14:00', 'APP_MOVIL', 'CTA1000000008', 'CTA1000000009'),
('MOV2000000025', 'RETIRO', 259673.1, '2023-01-01 08:00:00', 'PRESENCIAL', NULL, 'CTA1000000000'),
('MOV2000000026', 'CONSIGNACION', 827844.82, '2023-02-02 09:07:00', 'APP_MOVIL', NULL, 'CTA1000000001'),
('MOV2000000027', 'RETIRO', 356026.58, '2023-03-03 10:14:00', 'CAJERO_AUTOMATICO', NULL, 'CTA1000000002'),
('MOV2000000028', 'CONSIGNACION', 290276.72, '2023-04-04 11:21:00', 'PRESENCIAL', NULL, 'CTA1000000003'),
('MOV2000000029', 'RETIRO', 98283.47, '2023-05-05 12:28:00', 'APP_MOVIL', NULL, 'CTA1000000004'),
('MOV2000000030', 'CONSIGNACION', 335934.23, '2023-06-06 13:35:00', 'CAJERO_AUTOMATICO', NULL, 'CTA1000000005'),
('MOV2000000031', 'RETIRO', 159882.77, '2023-07-07 14:42:00', 'PRESENCIAL', NULL, 'CTA1000000006'),
('MOV2000000032', 'CONSIGNACION', 1054113.8, '2023-08-08 15:49:00', 'APP_MOVIL', NULL, 'CTA1000000007'),
('MOV2000000033', 'RETIRO', 186447.05, '2023-09-09 16:56:00', 'CAJERO_AUTOMATICO', NULL, 'CTA1000000008'),
('MOV2000000034', 'CONSIGNACION', 486845.64, '2023-10-10 17:03:00', 'PRESENCIAL', NULL, 'CTA1000000009'),
('MOV2000000035', 'RETIRO', 286134.07, '2023-11-11 08:10:00', 'APP_MOVIL', NULL, 'CTA1000000010'),
('MOV2000000036', 'CONSIGNACION', 332558.6, '2023-12-12 09:17:00', 'CAJERO_AUTOMATICO', NULL, 'CTA1000000011'),
('MOV2000000037', 'RETIRO', 288538.78, '2023-01-13 10:24:00', 'PRESENCIAL', NULL, 'CTA1000000012'),
('MOV2000000038', 'CONSIGNACION', 330035.1, '2023-02-14 11:31:00', 'APP_MOVIL', NULL, 'CTA1000000013'),
('MOV2000000039', 'RETIRO', 402887.46, '2023-03-15 12:38:00', 'CAJERO_AUTOMATICO', NULL, 'CTA1000000014'),
('MOV2000000040', 'CONSIGNACION', 491292.6, '2023-04-16 13:45:00', 'PRESENCIAL', NULL, 'CTA1000000000'),
('MOV2000000041', 'RETIRO', 260903.93, '2023-05-17 14:52:00', 'APP_MOVIL', NULL, 'CTA1000000001'),
('MOV2000000042', 'CONSIGNACION', 621241.03, '2023-06-18 15:59:00', 'CAJERO_AUTOMATICO', NULL, 'CTA1000000002'),
('MOV2000000043', 'RETIRO', 47327.5, '2023-07-19 16:06:00', 'PRESENCIAL', NULL, 'CTA1000000003'),
('MOV2000000044', 'CONSIGNACION', 149385.97, '2023-08-20 17:13:00', 'APP_MOVIL', NULL, 'CTA1000000004');

-- CREDITO
INSERT INTO CREDITO (numero_radicado, fecha_radicacion, valor_solicitado, valor_aprobado, tasa_interes_mensual, plazo_meses, fecha_aprobacion, fecha_primer_vencimiento, estado_credito, linea_credito, cedula_asociado, cedula_garante, fecha_firma_pagare, cedula_empleado, codigo_agencia) VALUES
('CRD3000000000', '2021-01-01', 15000000, NULL, 1.408, 48, NULL, NULL, 'EN_ESTUDIO', 'LIBRE_INVERSION', '200000001', '200000011', NULL, '100000013', 'AGE0000001'),
('CRD3000000001', '2021-02-25', 12000000, 10314349.87, 1.6961, 48, '2021-03-07', '2021-04-06', 'APROBADO', 'VIVIENDA', '200000002', '200000012', '2021-03-07', '100000014', 'AGE0000002'),
('CRD3000000002', '2021-04-21', 12000000, 10652545.42, 1.9192, 12, '2021-05-01', '2021-05-31', 'DESEMBOLSADO', 'VEHICULO', '200000003', NULL, '2021-05-01', '100000013', 'AGE0000003'),
('CRD3000000003', '2021-06-15', 15000000, 14371624.09, 2.0862, 36, '2021-06-25', '2021-07-25', 'AL_DIA', 'EDUCATIVO', '200000004', NULL, '2021-06-25', '100000014', 'AGE0000001'),
('CRD3000000004', '2021-08-09', 15000000, 13515394.81, 1.5816, 24, '2021-08-19', '2021-09-18', 'AL_DIA', 'CONSUMO', '200000005', '200000013', '2021-08-19', '100000013', 'AGE0000002'),
('CRD3000000005', '2021-10-03', 8000000, 6803894.38, 2.1387, 36, '2021-10-13', '2021-11-12', 'EN_MORA', 'LIBRE_INVERSION', '200000006', NULL, '2021-10-13', '100000014', 'AGE0000003'),
('CRD3000000006', '2021-11-27', 12000000, 11571531.96, 1.86, 12, '2021-12-07', '2022-01-06', 'EN_MORA', 'VIVIENDA', '200000007', '200000014', '2021-12-07', '100000013', 'AGE0000001'),
('CRD3000000007', '2022-01-21', 15000000, 13421500.78, 2.0306, 24, '2022-01-31', '2022-03-02', 'CANCELADO', 'VEHICULO', '200000008', NULL, '2022-01-31', '100000014', 'AGE0000002'),
('CRD3000000008', '2022-03-17', 3500000, 3171304.77, 1.41, 12, '2022-03-27', '2022-04-26', 'DESEMBOLSADO', 'EDUCATIVO', '200000009', '200000015', '2022-03-27', '100000013', 'AGE0000003'),
('CRD3000000009', '2022-05-11', 12000000, 10783480.9, 1.2253, 36, '2022-05-21', '2022-06-20', 'AL_DIA', 'CONSUMO', '200000010', '200000016', '2022-05-21', '100000014', 'AGE0000001'),
('CRD3000000010', '2022-07-05', 5000000, 4429589.23, 1.5131, 12, '2022-07-15', '2022-08-14', 'CASTIGADO', 'LIBRE_INVERSION', '200000011', NULL, '2022-07-15', '100000013', 'AGE0000002'),
('CRD3000000011', '2022-08-29', 2000000, 1919572.28, 2.2608, 24, '2022-09-08', '2022-10-08', 'APROBADO', 'VIVIENDA', '200000012', NULL, '2022-09-08', '100000014', 'AGE0000003');

-- PAGO_CUOTA 

INSERT INTO PAGO_CUOTA (numero_radicado, num_cuota, fecha_vencim_programada, fecha_pago, valor_pagado, estado_pago) VALUES
('CRD3000000002', 1, '2021-05-31', '2021-05-31', 887712.12, 'PAGADA'),
('CRD3000000002', 2, '2021-06-30', '2021-06-30', 887712.12, 'PAGADA'),
('CRD3000000002', 3, '2021-07-30', '2021-07-30', 887712.12, 'PAGADA'),
('CRD3000000002', 4, '2021-08-29', '2021-08-29', 887712.12, 'PAGADA'),
('CRD3000000002', 5, '2021-09-28', '2021-09-28', 621398.48, 'PARCIAL'),
('CRD3000000002', 6, '2021-10-28', NULL, NULL, 'PENDIENTE'),
('CRD3000000003', 1, '2021-07-25', '2021-07-25', 399211.78, 'PAGADA'),
('CRD3000000003', 2, '2021-08-24', '2021-08-24', 399211.78, 'PAGADA'),
('CRD3000000003', 3, '2021-09-23', '2021-09-23', 399211.78, 'PAGADA'),
('CRD3000000003', 4, '2021-10-23', '2021-10-23', 399211.78, 'PAGADA'),
('CRD3000000003', 5, '2021-11-22', '2021-11-22', 279448.25, 'PARCIAL'),
('CRD3000000003', 6, '2021-12-22', NULL, NULL, 'PENDIENTE'),
('CRD3000000004', 1, '2021-09-18', '2021-09-18', 563141.45, 'PAGADA'),
('CRD3000000004', 2, '2021-10-18', '2021-10-18', 563141.45, 'PAGADA'),
('CRD3000000004', 3, '2021-11-17', '2021-11-17', 563141.45, 'PAGADA'),
('CRD3000000004', 4, '2021-12-17', '2021-12-17', 563141.45, 'PAGADA'),
('CRD3000000004', 5, '2022-01-16', '2022-01-16', 394199.01, 'PARCIAL'),
('CRD3000000004', 6, '2022-02-15', NULL, NULL, 'PENDIENTE'),
('CRD3000000005', 1, '2021-11-12', '2021-11-12', 188997.07, 'PAGADA'),
('CRD3000000005', 2, '2021-12-12', '2021-12-12', 188997.07, 'PAGADA'),
('CRD3000000005', 3, '2022-01-11', '2022-01-11', 188997.07, 'PAGADA'),
('CRD3000000005', 4, '2022-02-10', '2022-02-15', 94498.54, 'PARCIAL'),
('CRD3000000005', 5, '2022-03-12', NULL, NULL, 'EN_MORA'),
('CRD3000000006', 1, '2022-01-06', '2022-01-06', 964294.33, 'PAGADA'),
('CRD3000000006', 2, '2022-02-05', '2022-02-05', 964294.33, 'PAGADA'),
('CRD3000000006', 3, '2022-03-07', '2022-03-07', 964294.33, 'PAGADA'),
('CRD3000000006', 4, '2022-04-06', '2022-04-11', 482147.16, 'PARCIAL'),
('CRD3000000006', 5, '2022-05-06', NULL, NULL, 'EN_MORA'),
('CRD3000000007', 1, '2022-03-02', '2022-03-02', 559229.2, 'PAGADA'),
('CRD3000000007', 2, '2022-04-01', '2022-04-01', 559229.2, 'PAGADA'),
('CRD3000000007', 3, '2022-05-01', '2022-05-01', 559229.2, 'PAGADA'),
('CRD3000000007', 4, '2022-05-31', '2022-05-31', 559229.2, 'PAGADA'),
('CRD3000000007', 5, '2022-06-30', '2022-06-30', 559229.2, 'PAGADA'),
('CRD3000000007', 6, '2022-07-30', '2022-07-30', 559229.2, 'PAGADA'),
('CRD3000000007', 7, '2022-08-29', '2022-08-29', 559229.2, 'PAGADA'),
('CRD3000000007', 8, '2022-09-28', '2022-09-28', 559229.2, 'PAGADA'),
('CRD3000000007', 9, '2022-10-28', '2022-10-28', 559229.2, 'PAGADA'),
('CRD3000000007', 10, '2022-11-27', '2022-11-27', 559229.2, 'PAGADA'),
('CRD3000000007', 11, '2022-12-27', '2022-12-27', 559229.2, 'PAGADA'),
('CRD3000000007', 12, '2023-01-26', '2023-01-26', 559229.2, 'PAGADA'),
('CRD3000000007', 13, '2023-02-25', '2023-02-25', 559229.2, 'PAGADA'),
('CRD3000000007', 14, '2023-03-27', '2023-03-27', 559229.2, 'PAGADA'),
('CRD3000000007', 15, '2023-04-26', '2023-04-26', 559229.2, 'PAGADA'),
('CRD3000000007', 16, '2023-05-26', '2023-05-26', 559229.2, 'PAGADA'),
('CRD3000000007', 17, '2023-06-25', '2023-06-25', 559229.2, 'PAGADA'),
('CRD3000000007', 18, '2023-07-25', '2023-07-25', 559229.2, 'PAGADA'),
('CRD3000000007', 19, '2023-08-24', '2023-08-24', 559229.2, 'PAGADA'),
('CRD3000000007', 20, '2023-09-23', '2023-09-23', 559229.2, 'PAGADA'),
('CRD3000000007', 21, '2023-10-23', '2023-10-23', 559229.2, 'PAGADA'),
('CRD3000000007', 22, '2023-11-22', '2023-11-22', 559229.2, 'PAGADA'),
('CRD3000000007', 23, '2023-12-22', '2023-12-22', 559229.2, 'PAGADA'),
('CRD3000000007', 24, '2024-01-21', '2024-01-21', 559229.2, 'PAGADA'),
('CRD3000000008', 1, '2022-04-26', '2022-04-26', 264275.4, 'PAGADA'),
('CRD3000000008', 2, '2022-05-26', '2022-05-26', 264275.4, 'PAGADA'),
('CRD3000000008', 3, '2022-06-25', '2022-06-25', 264275.4, 'PAGADA'),
('CRD3000000008', 4, '2022-07-25', '2022-07-25', 264275.4, 'PAGADA'),
('CRD3000000008', 5, '2022-08-24', '2022-08-24', 184992.78, 'PARCIAL'),
('CRD3000000008', 6, '2022-09-23', NULL, NULL, 'PENDIENTE'),
('CRD3000000009', 1, '2022-06-20', '2022-06-20', 299541.14, 'PAGADA'),
('CRD3000000009', 2, '2022-07-20', '2022-07-20', 299541.14, 'PAGADA'),
('CRD3000000009', 3, '2022-08-19', '2022-08-19', 299541.14, 'PAGADA'),
('CRD3000000009', 4, '2022-09-18', '2022-09-18', 299541.14, 'PAGADA'),
('CRD3000000009', 5, '2022-10-18', '2022-10-18', 209678.8, 'PARCIAL'),
('CRD3000000009', 6, '2022-11-17', NULL, NULL, 'PENDIENTE'),
('CRD3000000010', 1, '2022-08-14', '2022-08-14', 369132.44, 'PAGADA'),
('CRD3000000010', 2, '2022-09-13', '2022-09-13', 369132.44, 'PAGADA'),
('CRD3000000010', 3, '2022-10-13', '2022-10-18', 184566.22, 'PARCIAL'),
('CRD3000000010', 4, '2022-11-12', NULL, NULL, 'EN_MORA'),
('CRD3000000010', 5, '2022-12-12', NULL, NULL, 'EN_MORA');

-- ATIENDE 
INSERT INTO ATIENDE (cedula_empleado, cedula_asociado, fecha_inicio_asesoria) VALUES
('100000007', '200000001', '2008-03-25'),
('100000009', '200000001', '2009-04-14'),
('100000008', '200000002', '2008-03-30'),
('100000009', '200000003', '2008-04-04'),
('100000010', '200000004', '2008-04-09'),
('100000011', '200000005', '2008-04-14'),
('100000007', '200000005', '2009-05-04'),
('100000012', '200000006', '2008-04-19'),
('100000007', '200000007', '2009-06-08'),
('100000008', '200000008', '2009-07-18'),
('100000009', '200000009', '2009-08-27'),
('100000011', '200000009', '2010-09-16'),
('100000010', '200000010', '2009-10-06'),
('100000011', '200000011', '2009-11-15'),
('100000012', '200000012', '2009-12-25'),
('100000007', '200000013', '2010-02-03'),
('100000009', '200000013', '2011-02-23'),
('100000008', '200000014', '2010-03-15'),
('100000009', '200000015', '2010-04-24'),
('100000010', '200000016', '2010-06-03'),
('100000011', '200000017', '2010-07-13'),
('100000007', '200000017', '2011-08-02'),
('100000012', '200000018', '2010-08-22'),
('100000007', '200000019', '2010-10-01'),
('100000008', '200000020', '2010-11-10'),
('100000009', '200000021', '2010-12-20'),
('100000011', '200000021', '2012-01-09'),
('100000010', '200000022', '2011-01-29'),
('100000011', '200000023', '2011-03-10'),
('100000012', '200000024', '2011-04-19'),
('100000007', '200000025', '2011-05-29'),
('100000009', '200000025', '2012-06-17'),
('100000008', '200000026', '2011-07-08'),
('100000009', '200000027', '2011-08-17'),
('100000010', '200000028', '2011-09-26'),
('100000011', '200000029', '2011-11-05'),
('100000007', '200000029', '2012-11-24'),
('100000012', '200000030', '2011-12-15');